{"CDA_C001_haversine": 17.263420426284476, "C001_C010_haversine": 4.609612430563691, "C010_C016_haversine": 2.325163347635698, "C016_C024_haversine": 2.7855119744846, "C024_C011_haversine": 5.944248417948398, "C011_C009_haversine": 2.924656428120289, "C009_C008_haversine": 5.107753726597648, "C008_C005_haversine": 0.8306920972569446, "C005_CDA_haversine": 10.623387523127958, "CDA_C002_haversine": 10.620112225800977, "C002_C013_haversine": 5.195496186145819, "C013_C022_haversine": 2.56733479917126, "C022_C015_haversine": 2.5040882072146124, "C015_C004_haversine": 0.344386542832952, "C004_C017_haversine": 3.263197596096576, "C017_C006_haversine": 5.16202792256357, "C006_C018_haversine": 0.7595385644566749, "C018_CDA_haversine": 10.188292415824405, "CDA_C023_haversine": 4.311176740270233, "C023_C014_haversine": 0.8547137085957303, "C014_C020_haversine": 2.3031477441869903, "C020_C012_haversine": 2.5017433712822283, "C012_C021_haversine": 8.602439893716676, "C021_C007_haversine": 5.457153682653596, "C007_C019_haversine": 3.226134072426038, "C019_C003_haversine": 6.347267419037457, "C003_CDA_haversine": 6.377812415084213}